Ticker,Name,Industry,Industry Number,Gr PoP of  Price over 5 Years,P/E:Y-5,P/B:Y-5,Quick Ratio:Y-5,Curr Ratio:Y-5,Debt/Equity:Y-5,Check Values
MMM,3M CO,Industrials,6,11.09,19.52,8.03,0.85,1.54,94.15,UNDERPERFORM
ABT,ABBOTT LABORATORIES,Health Care,6,171.3,26.11,3.12,1.04,1.54,42.21,ABOVE 100
ABBV,ABBVIE INC,Health Care,6,74.1,14.45,24.17,1.21,1.5,802.81,UNDERPERFORM
ABMD,ABIOMED INC,Health Care,6,172.79,111.54,10.95,5.48,6.2,0,ABOVE 100
ACN,ACCENTURE PLC-CL A,Information Technology,6,178.58,19.57,9.99,0.97,1.26,0.41,ABOVE 100
ATVI,ACTIVISION BLIZZARD INC,Communication Services,,99.66,32.3,3.52,0.96,1.3,50.5,UNDERPERFORM
ADBE,ADOBE INC,Information Technology,6,544.43,76.68,6.55,2.11,2.18,27.24,ABOVE 400
AAP,ADVANCE AUTO PARTS INC,Consumer Discretionary,,23.2,19.85,4.48,0.12,1.3,49.05,UNDERPERFORM
AMD,ADVANCED MICRO DEVICES,,,1735.7,,,0.94,1.65,,ABOVE 400
AES,AES CORP,,,90.49,6.98,2.03,0.58,0.99,299.31,UNDERPERFORM
AFL,AFLAC INC,Financials,6,52.7,9.92,1.44,,,28.3,UNDERPERFORM
A,AGILENT TECHNOLOGIES INC,Health Care,6,229.43,25.12,3.01,2.67,3.78,39.69,ABOVE 200
APD,AIR PRODUCTS & CHEMICALS INC,,,108.83,25.64,3.79,0.44,0.77,79.65,ABOVE 100
AKAM,AKAMAI TECHNOLOGIES INC,Information Technology,6,127.41,28.53,2.99,3.02,3.77,19.8,ABOVE 100
ALK,ALASKA AIR GROUP INC,,,-15.15,12.06,4.18,0.85,0.92,28.33,UNDERPERFORM
ALB,ALBEMARLE CORP,Materials,9,151.88,19,1.93,0.38,1.13,116.35,ABOVE 100
ARE,ALEXANDRIA REAL ESTATE EQUIT,,,81.95,50.8,1.82,,,91.66,UNDERPERFORM
ALGN,ALIGN TECHNOLOGY INC,Health Care,6,671.93,37.2,6.17,2.52,2.69,0,ABOVE 400
ALLE,ALLEGION PLC,Industrials,6,90.8,21.76,247.18,1.13,1.64,5128.28,UNDERPERFORM
LNT,ALLIANT ENERGY CORP,Utilities,11,49.34,17.81,2.01,0.3,0.61,107.28,UNDERPERFORM
ALL,ALLSTATE CORP,,,87.89,11.81,1.3,,,25.59,UNDERPERFORM
GOOGL,ALPHABET INC-CL A,Communication Services,,238.98,33.57,4.44,4.38,4.67,4.34,ABOVE 200
GOOG,ALPHABET INC-CL C,Communication Services,,252.58,33.57,4.44,4.38,4.67,4.34,ABOVE 200
MO,ALTRIA GROUP INC,Consumer Staples,6,-29.41,20.78,39.62,0.35,0.69,441.48,UNDERPERFORM
AMZN,AMAZON.COM INC,Consumer Discretionary,,340.96,537.78,23.79,0.75,1.05,131.04,ABOVE 300
AMCR,AMCOR PLC,,,,,,0.52,0.93,225.92,UNDERPERFORM
AEE,AMEREN CORPORATION,Utilities,11,64.45,16.89,1.51,0.49,0.92,106.88,UNDERPERFORM
AAL,AMERICAN AIRLINES GROUP INC,,,-42.08,4.22,4.69,0.56,0.73,364.88,UNDERPERFORM
AEP,AMERICAN ELECTRIC POWER,Utilities,11,29.41,16.23,1.6,0.31,0.57,113.78,UNDERPERFORM
AXP,AMERICAN EXPRESS CO,Financials,6,162.84,12.94,3.26,,,255.76,ABOVE 100
AIG,AMERICAN INTERNATIONAL GROUP,,,-18.26,22.15,0.83,,,32.42,UNDERPERFORM
AMT,AMERICAN TOWER CORP,Real Estate,11,144.69,60.66,8.79,,,255.02,ABOVE 100
AWK,AMERICAN WATER WORKS CO INC,Utilities,11,120.17,22.73,2.11,0.38,0.43,129.85,ABOVE 100
AMP,AMERIPRISE FINANCIAL INC,Financials,6,172.05,11.41,2.53,,,124.39,ABOVE 100
ABC,AMERISOURCEBERGEN CORP,Health Care,6,41.1,,31.88,0.48,0.94,566.7,UNDERPERFORM
AME,AMETEK INC,Industrials,6,197.8,21,3.88,0.96,1.58,59.55,ABOVE 100
AMGN,AMGEN INC,Health Care,6,32.22,17.75,4.36,3.97,4.45,111.91,UNDERPERFORM
APH,AMPHENOL CORP-CL A,Information Technology,6,148.48,21.51,4.97,2.84,3.82,85.82,ABOVE 100
ADI,ANALOG DEVICES INC,Information Technology,6,172.47,24.47,3.7,3.14,3.66,17.15,ABOVE 100
ANSS,ANSYS INC,Information Technology,6,301.48,33.27,3.72,1.81,2.22,0,ABOVE 300
ANTM,ANTHEM INC,Health Care,6,211.93,13.1,1.58,1.31,1.62,68.84,ABOVE 200
AON,AON PLC-CLASS A,Financials,6,135.93,21.82,4.14,0.25,1.04,94.07,ABOVE 100
APA,APA CORP,,,-64.63,,6.55,1.48,2.04,207.62,UNDERPERFORM
AAPL,APPLE INC,Information Technology,6,455.21,12.43,5.36,0.73,1.11,53.9,ABOVE 400
AMAT,APPLIED MATERIALS INC,Information Technology,6,441.37,16.07,2.5,1.77,2.44,59.66,ABOVE 400
APTV,APTIV PLC,Consumer Discretionary,,211.63,16.45,10.6,0.84,1.3,146.65,ABOVE 200
ADM,ARCHER-DANIELS-MIDLAND CO,Consumer Staples,6,34.32,14.03,1.22,0.25,1.62,32.8,UNDERPERFORM
ANET,ARISTA NETWORKS INC,Information Technology,6,430.8,40.04,6.73,3.54,4.15,5.57,ABOVE 400
AJG,ARTHUR J GALLAGHER & CO,Financials,6,180.06,14.76,1.99,0.53,1.01,62.81,ABOVE 100
AIZ,ASSURANT INC,Financials,6,85.95,31.09,1.17,,,25.74,UNDERPERFORM
T,AT&T INC,Communication Services,,-35.35,14.19,1.72,0.45,0.75,102.03,UNDERPERFORM
ATO,ATMOS ENERGY CORP,Utilities,11,25.79,18.74,1.89,0.28,0.54,90.63,UNDERPERFORM
ADSK,AUTODESK INC,,,464.96,,6.49,1.83,1.88,91.86,ABOVE 400
ADP,AUTOMATIC DATA PROCESSING,Information Technology,6,139.79,28.14,9.34,0.14,1.1,44.8,ABOVE 100
AZO,AUTOZONE INC,Consumer Discretionary,,103.52,20.22,,0.09,0.84,,ABOVE 100
AVB,AVALONBAY COMMUNITIES INC,Real Estate,11,25.57,42.8,2.56,,,65.55,UNDERPERFORM
AVY,AVERY DENNISON CORP,Materials,9,174.92,18.35,5.84,0.77,1.22,109.65,ABOVE 100
BKR,BAKER HUGHES CO,,,-56.18,,1.24,2,3.34,24.67,UNDERPERFORM
BLL,BALL CORP,,,101.32,20.88,8.27,0.46,1.02,400.56,ABOVE 100
BAC,BANK OF AMERICA CORP,Financials,6,164.3,,,,,,ABOVE 100
BK,BANK OF NEW YORK MELLON CORP,Financials,6,32.23,14.45,1.26,,,153.37,UNDERPERFORM
BBWI,BATH & BODY WORKS INC,,,9.77,22.62,,1.5,2.22,,UNDERPERFORM
BAX,BAXTER INTERNATIONAL INC,Health Care,6,56.3,33.55,2.36,1.58,2.05,73.4,UNDERPERFORM
BDX,BECTON DICKINSON AND CO,,,48.51,18.59,3.9,0.7,1.29,178.98,UNDERPERFORM
BRK/B,BERKSHIRE HATHAWAY INC-CL B,,,94.79,18.72,1.27,1.71,1.78,32.59,UNDERPERFORM
BBY,BEST BUY CO INC,Consumer Discretionary,,238.62,10.48,2.07,0.64,1.43,39.61,ABOVE 200
BIIB,BIOGEN INC,Health Care,6,16.69,19.42,7.14,1.81,2.6,69.61,UNDERPERFORM
BIO,BIO-RAD LABORATORIES-A,Health Care,6,391.63,35.88,1.63,2.67,4.03,17.43,ABOVE 300
BLK,BLACKROCK INC,Financials,6,140.82,17.78,1.95,,,17.58,ABOVE 100
BA,BOEING CO/THE,,,72.72,15.71,15.22,0.42,1.35,155.76,UNDERPERFORM
BKNG,BOOKING HOLDINGS INC,,,53.36,26,7.19,2.29,2.47,70.02,UNDERPERFORM
BWA,BORGWARNER INC,Consumer Discretionary,,43.52,14.51,2.67,0.95,1.33,70.66,UNDERPERFORM
BXP,BOSTON PROPERTIES INC,Real Estate,11,-18.58,89.82,3.57,,,114.22,UNDERPERFORM
BSX,BOSTON SCIENTIFIC CORP,Health Care,6,83.35,30,3.93,0.66,1.43,89.83,UNDERPERFORM
BMY,BRISTOL-MYERS SQUIBB CO,Health Care,6,-9.07,33.64,8.01,0.9,1.3,46.37,UNDERPERFORM
AVGO,BROADCOM INC,,,192.11,20.58,7.22,2.54,3.36,82.14,ABOVE 100
BR,BROADRIDGE FINANCIAL SOLUTIO,Information Technology,6,154.89,21.56,6.37,1.51,1.69,74.3,ABOVE 100
BF/B,BROWN-FORMAN CORP-CLASS B,,,80.61,26.2,12.19,1.04,2.82,96.09,UNDERPERFORM
CHRW,C.H. ROBINSON WORLDWIDE INC,Industrials,6,31.93,17.56,7.73,1.16,1.19,82.58,UNDERPERFORM
COG,CABOT OIL & GAS CORP,,,-35.05,163.36,3.64,0.5,0.61,100.35,UNDERPERFORM
CDNS,CADENCE DESIGN SYS INC,Information Technology,6,520.96,25.25,4.68,1.53,1.8,24.95,ABOVE 400
CZR,CAESARS ENTERTAINMENT INC,,,486.95,5.5,1.9,0.83,1.1,320.04,ABOVE 400
CPB,CAMPBELL SOUP CO,Consumer Staples,6,-30.55,18.47,11.07,0.32,0.75,296.44,UNDERPERFORM
COF,CAPITAL ONE FINANCIAL CORP,Financials,6,143.49,10.02,0.87,,,125.02,ABOVE 100
CAH,CARDINAL HEALTH INC,Health Care,6,-29.43,20.85,4.39,0.65,1.26,87.79,UNDERPERFORM
KMX,CARMAX INC,Consumer Discretionary,,137.52,15.14,3.1,0.17,2.46,366.16,ABOVE 100
CCL,CARNIVAL CORP,,,-54.42,18.66,1.64,0.24,0.35,36.97,UNDERPERFORM
CARR,CARRIER GLOBAL CORP,,,,,,,,,UNDERPERFORM
CTLT,CATALENT INC,Health Care,6,382.34,13.15,5.75,1.31,1.85,293.97,ABOVE 300
CAT,CATERPILLAR INC,Industrials,6,150.12,12.7,2.67,0.84,1.28,255.38,ABOVE 100
CBOE,CBOE GLOBAL MARKETS INC,Financials,6,79.58,26.94,20.52,2.23,2.76,0,UNDERPERFORM
CBRE,CBRE GROUP INC - A,Real Estate,11,236.72,22.54,4.26,0.6,1.06,160.57,ABOVE 200
CDW,CDW CORP/DE,Information Technology,6,324.92,14.74,6.45,1.09,1.48,297.45,ABOVE 300
CE,CELANESE CORP,Materials,9,138.14,14.53,4.16,1.1,1.8,105.37,ABOVE 100
CNC,CENTENE CORP,,,93.88,21.72,3.67,0.89,0.99,52.54,UNDERPERFORM
CNP,CENTERPOINT ENERGY INC,Utilities,11,8.9,16.63,2.28,0.79,1.09,267.44,UNDERPERFORM
CERN,CERNER CORP,Health Care,6,20.8,33.19,5.29,1.94,2.35,15.64,UNDERPERFORM
CF,CF INDUSTRIES HOLDINGS INC,Materials,9,110.22,10.03,2.36,0.46,0.93,126.21,ABOVE 100
CRL,CHARLES RIVER LABORATORIES,Health Care,6,378.41,22.72,5.1,1.24,1.79,112.73,ABOVE 300
CHTR,CHARTER COMMUNICATIONS INC-A,,,224.91,,,0.15,0.17,,ABOVE 200
CVX,CHEVRON CORP,,,-0.09,27.22,1.11,0.95,1.35,25.05,UNDERPERFORM
CMG,CHIPOTLE MEXICAN GRILL INC,,,378.05,31.22,6.9,2.51,2.91,0.14,ABOVE 300
CB,CHUBB LTD,Financials,6,37.18,15.23,1.3,,,33.28,UNDERPERFORM
CHD,CHURCH & DWIGHT CO INC,Consumer Staples,6,65.59,26.75,5.45,0.69,1.04,51.9,UNDERPERFORM
CI,CIGNA CORP,Health Care,6,80.45,17.51,3.12,0.24,0.24,42.67,UNDERPERFORM
CINF,CINCINNATI FINANCIAL CORP,,,54.39,16.62,1.51,,,13.32,UNDERPERFORM
CTAS,CINTAS CORP,Industrials,6,263.94,52.88,5.36,0.93,1.95,70.25,ABOVE 200
CSCO,CISCO SYSTEMS INC,Information Technology,6,80.81,15.64,2.42,2.97,3.23,42.46,UNDERPERFORM
C,CITIGROUP INC,Financials,6,56.3,8.92,0.75,,,216.27,UNDERPERFORM
CFG,CITIZENS FINANCIAL GROUP,Financials,6,86.42,16.4,0.71,,,67.79,UNDERPERFORM
CTXS,CITRIX SYSTEMS INC,Information Technology,6,50.97,26.7,5.9,0.92,1,67.14,UNDERPERFORM
CLX,CLOROX COMPANY,,,23.67,28.16,60.27,0.62,0.95,778.45,UNDERPERFORM
CME,CME GROUP INC,Financials,6,101.72,11.79,1.49,0.06,1.03,10.85,ABOVE 100
CMS,CMS ENERGY CORP,Utilities,11,42.73,19.09,2.54,0.53,1.01,238.31,UNDERPERFORM
KO,COCA-COLA CO/THE,Consumer Staples,6,28.94,21.47,7.27,0.89,1.24,171.23,UNDERPERFORM
CTSH,COGNIZANT TECH SOLUTIONS-A,Information Technology,6,25.17,21.68,3.94,2.65,2.91,13.83,UNDERPERFORM
CL,COLGATE-PALMOLIVE CO,Consumer Staples,6,4.64,23.72,,0.7,1.24,,UNDERPERFORM
CMCSA,COMCAST CORP-CLASS A,Communication Services,,72.58,17.33,2.64,0.51,0.68,95.33,UNDERPERFORM
CMA,COMERICA INC,Financials,6,53.29,15.35,0.97,,,40.75,UNDERPERFORM
CAG,CONAGRA BRANDS INC,Consumer Staples,6,-11.08,34.81,5.34,0.66,1.41,145.67,UNDERPERFORM
COP,CONOCOPHILLIPS,,,36.98,,1.45,0.72,0.95,62.07,UNDERPERFORM
ED,CONSOLIDATED EDISON INC,Utilities,11,-4.98,15.84,1.44,0.5,0.81,109.3,UNDERPERFORM
STZ,CONSTELLATION BRANDS INC-A,Consumer Staples,6,34.09,28.63,4.3,0.36,1.31,120.76,UNDERPERFORM
COO,COOPER COS INC/THE,Health Care,6,127.83,20.36,2.76,0.53,1.48,50.46,ABOVE 100
CPRT,COPART INC,Industrials,6,490.6,21.6,4.49,3.15,3.45,66.83,ABOVE 400
GLW,CORNING INC,,,85.84,17.37,1.25,2.12,2.94,23.65,UNDERPERFORM
CTVA,CORTEVA INC,,,,,,,,,UNDERPERFORM
COST,COSTCO WHOLESALE CORP,Consumer Staples,6,161.21,26.06,5.77,0.46,1.01,56.67,ABOVE 100
CCI,CROWN CASTLE INTL CORP,Real Estate,11,101.45,55.84,5.1,,,171.39,ABOVE 100
CSX,CSX CORP,Industrials,6,241.39,13.47,2.17,1.24,1.45,90.29,ABOVE 200
CMI,CUMMINS INC,Industrials,6,87.48,9.49,2.07,1.17,2.09,21.15,UNDERPERFORM
CVS,CVS HEALTH CORP,Health Care,6,-15.9,20.25,2.89,0.62,1.26,73.74,UNDERPERFORM
DHR,DANAHER CORP,Health Care,6,276.75,267.28,2.69,0.61,1.27,54.16,ABOVE 200
DRI,DARDEN RESTAURANTS INC,Consumer Discretionary,,139.8,18.96,4.36,0.29,0.69,29.1,ABOVE 100
DVA,DAVITA INC,Health Care,6,76.24,22.14,3,1.51,1.88,153.5,UNDERPERFORM
DE,DEERE & CO,Industrials,6,363.94,13.36,3.66,0.37,0.61,545.3,ABOVE 300
DAL,DELTA AIR LINES INC,,,4.95,10.99,3.64,0.31,0.52,76.76,UNDERPERFORM
XRAY,DENTSPLY SIRONA INC,Health Care,6,0.96,25.33,3.65,1.44,2.51,49.29,UNDERPERFORM
DVN,DEVON ENERGY CORP,,,-34.5,134.32,1.9,1.04,1.22,118.59,UNDERPERFORM
DXCM,DEXCOM INC,,,462.33,,30.25,2.83,3.46,1.04,ABOVE 400
FANG,DIAMONDBACK ENERGY INC,,,-14.05,128.72,2.38,0.69,0.77,23.13,UNDERPERFORM
DLR,DIGITAL REALTY TRUST INC,Real Estate,11,51.29,152.88,3.5,,,130.03,UNDERPERFORM
DFS,DISCOVER FINANCIAL SERVICES,Financials,6,123.18,10.3,2.11,,,218.63,ABOVE 100
DISCA,DISCOVERY INC - A,Communication Services,,7.27,16.18,2.05,1.18,1.64,130.37,UNDERPERFORM
DISCK,DISCOVERY INC-C,Communication Services,,4.72,16.18,2.05,1.18,1.64,130.37,UNDERPERFORM
DISH,DISH NETWORK CORP-A,Communication Services,,-19.53,22.9,9.66,0.48,0.69,453.69,UNDERPERFORM
DG,DOLLAR GENERAL CORP,Consumer Discretionary,,152.26,18.98,4,0.08,1.72,55.24,ABOVE 100
DLTR,DOLLAR TREE INC,Consumer Discretionary,,1.73,30.61,4.34,0.43,1.88,166.7,UNDERPERFORM
D,DOMINION ENERGY INC,,,-1.24,18.44,3.18,0.22,0.52,211.75,UNDERPERFORM
DPZ,DOMINO'S PIZZA INC,Consumer Discretionary,,266.33,32.03,,0.7,1.6,,ABOVE 200
DOV,DOVER CORP,Industrials,6,192.65,15.9,2.61,1.08,1.77,75.59,ABOVE 100
DOW,DOW INC,,,,,,,,,UNDERPERFORM
DHI,DR HORTON INC,Consumer Discretionary,,198.88,13.58,1.84,0.96,6.37,56.55,ABOVE 100
DTE,DTE ENERGY COMPANY,Utilities,11,42.84,16.48,1.64,0.53,1.02,110.65,UNDERPERFORM
DUK,DUKE ENERGY CORP,Utilities,11,25.21,17.18,1.24,0.08,0.73,110.22,UNDERPERFORM
DRE,DUKE REALTY CORP,Real Estate,11,79.5,25.07,2.28,,,103.6,UNDERPERFORM
DD,DUPONT DE NEMOURS INC,Materials,9,-2.43,12.57,,0.97,2.11,32.89,UNDERPERFORM
DXC,DXC TECHNOLOGY CO,,,,,,,,,UNDERPERFORM
EMN,EASTMAN CHEMICAL CO,Materials,9,68.29,9.3,2.53,0.53,1.4,174.29,UNDERPERFORM
ETN,EATON CORP PLC,Industrials,6,150.9,11.65,1.57,0.85,1.43,55.24,ABOVE 100
EBAY,EBAY INC,Consumer Discretionary,,118.93,17.58,4.95,2.98,3.49,102.63,ABOVE 100
ECL,ECOLAB INC,Materials,9,78.19,26.23,4.9,0.52,0.93,92.62,UNDERPERFORM
EIX,EDISON INTERNATIONAL,Utilities,11,-28.03,14.59,1.7,0.3,0.54,89.25,UNDERPERFORM
EW,EDWARDS LIFESCIENCES CORP,Health Care,6,203.93,34.79,6.8,3.23,4.3,23.85,ABOVE 200
EA,ELECTRONIC ARTS INC,Communication Services,,78.84,29.16,5.86,1.68,1.8,33.84,UNDERPERFORM
LLY,ELI LILLY & CO,Health Care,6,218.45,30.25,6.39,0.96,1.53,54.68,ABOVE 200
EMR,EMERSON ELECTRIC CO,Industrials,6,88.95,14.17,3.58,0.76,1.29,84.17,UNDERPERFORM
ENPH,ENPHASE ENERGY INC,,,10673.89,,3.88,1.02,1.67,41.01,ABOVE 400
ETR,ENTERGY CORP,Utilities,11,29.62,11.39,1.32,0.73,1.32,144.65,UNDERPERFORM
EOG,EOG RESOURCES INC,,,-16.03,1140.19,3.01,0.91,1.42,51.42,UNDERPERFORM
EFX,EQUIFAX INC,Industrials,6,95.07,30.7,5.72,0.73,0.93,50.53,UNDERPERFORM
EQIX,EQUINIX INC,,,123.03,82.24,6.84,1.53,1.97,237.53,ABOVE 100
EQR,EQUITY RESIDENTIAL,Real Estate,11,26.58,56.2,2.85,,,96.97,UNDERPERFORM
ESS,ESSEX PROPERTY TRUST INC,Real Estate,11,41.17,82.13,2.54,,,83.98,UNDERPERFORM
EL,ESTEE LAUDER COMPANIES-CL A,Consumer Staples,6,247.76,30.25,8.92,1.26,2.09,44.8,ABOVE 200
ETSY,ETSY INC,Consumer Discretionary,,1336.39,,2.81,3.91,4.48,3.99,ABOVE 400
RE,EVEREST RE GROUP LTD,Financials,6,35.7,9.62,1.03,,,8.32,UNDERPERFORM
EVRG,EVERGY INC,,,21.92,,,,,,UNDERPERFORM
ES,EVERSOURCE ENERGY,Utilities,11,53.02,18.5,1.56,0.34,0.88,97.11,UNDERPERFORM
EXC,EXELON CORP,,,28.74,11.17,0.99,1.19,1.68,96.33,UNDERPERFORM
EXPE,EXPEDIA GROUP INC,,,35.01,71.86,3.84,0.47,0.5,57.29,UNDERPERFORM
EXPD,EXPEDITORS INTL WASH INC,Industrials,6,148.94,18.79,4.85,2.23,2.29,0,ABOVE 100
EXR,EXTRA SPACE STORAGE INC,Real Estate,11,114.33,56.98,5.24,,,149.02,ABOVE 100
XOM,EXXON MOBIL CORP,Energy,6,-35.03,19.93,1.9,0.44,0.79,21.88,UNDERPERFORM
FFIV,F5 NETWORKS INC,Information Technology,6,71.96,23.01,6.17,1.4,1.57,0,UNDERPERFORM
FB,FACEBOOK INC-CLASS A,Communication Services,,188.61,81.13,6.73,10.91,11.25,0.26,ABOVE 100
FAST,FASTENAL CO,Industrials,6,160.85,23.06,6.56,1.6,4.46,20.26,ABOVE 100
FRT,FEDERAL REALTY INVS TRUST,Real Estate,11,-30.94,50.45,6.14,,,137.68,UNDERPERFORM
FDX,FEDEX CORP,Industrials,6,72.14,15.28,3.19,1.35,1.5,99.84,UNDERPERFORM
FIS,FIDELITY NATIONAL INFO SERV,,,64.63,23.39,2.11,1.09,1.48,121.65,UNDERPERFORM
FITB,FIFTH THIRD BANCORP,Financials,6,92.74,11.12,1.09,,,110.07,UNDERPERFORM
FRC,FIRST REPUBLIC BANK/CA,Financials,6,174.16,20.77,2.05,,,79.34,ABOVE 100
FE,FIRSTENERGY CORP,Utilities,11,15.52,11.71,1.08,0.31,0.54,177.64,UNDERPERFORM
FISV,FISERV INC,Information Technology,6,105.99,27.39,7.75,0.72,1,161.39,ABOVE 100
FLT,FLEETCOR TECHNOLOGIES INC,Information Technology,6,59.96,32.26,4.67,0.76,0.87,103.71,UNDERPERFORM
FMC,FMC CORP,Materials,9,135.2,27.06,2.8,1.33,2.04,112.61,ABOVE 100
F,FORD MOTOR CO,Consumer Discretionary,,10.26,7.37,1.95,1.11,1.25,462.08,UNDERPERFORM
FTNT,FORTINET INC,Information Technology,6,799.2,266.71,7.07,1.7,1.87,0,ABOVE 400
FTV,FORTIVE CORP,Industrials,6,75.94,,,0.74,1.2,0,UNDERPERFORM
FBHS,FORTUNE BRANDS HOME & SECURI,Industrials,6,56.11,26.77,3.62,0.98,1.87,47.66,UNDERPERFORM
FOXA,FOX CORP - CLASS A,,,,,,,,,UNDERPERFORM
FOX,FOX CORP - CLASS B,,,,,,,,,UNDERPERFORM
BEN,FRANKLIN RESOURCES INC,Financials,6,-13.51,11.41,1.9,,,17.17,UNDERPERFORM
FCX,FREEPORT-MCMORAN INC,,,189.37,,1.08,0.19,1.73,158.68,ABOVE 100
GPS,GAP INC/THE,Consumer Discretionary,,7.54,10.18,3.86,0.65,1.57,68.02,UNDERPERFORM
GRMN,GARMIN LTD,Consumer Discretionary,,197.54,15.48,2.1,1.82,2.55,0,ABOVE 100
IT,GARTNER INC,Information Technology,6,204.05,40.13,,0.72,0.86,,ABOVE 200
GNRC,GENERAC HOLDINGS INC,Industrials,6,1038.99,17.87,4.41,1.4,2.96,224.61,ABOVE 400
GD,GENERAL DYNAMICS CORP,Industrials,6,32.91,14.79,4,0.5,1.17,31.65,UNDERPERFORM
GE,GENERAL ELECTRIC CO,,,-57.07,36.72,2.97,1.35,1.56,191.64,UNDERPERFORM
GIS,GENERAL MILLS INC,Consumer Staples,6,-18.24,21.53,7.61,0.42,0.79,137.03,UNDERPERFORM
GM,GENERAL MOTORS CO,Consumer Discretionary,,73.76,4.5,1.28,0.7,0.97,156.51,UNDERPERFORM
GPC,GENUINE PARTS CO,Consumer Discretionary,,23.9,18.55,4.1,0.52,1.41,19.78,UNDERPERFORM
GILD,GILEAD SCIENCES INC,Health Care,6,-13.2,8.49,7.76,2.07,2.5,115.4,UNDERPERFORM
GPN,GLOBAL PAYMENTS INC,Information Technology,6,124.9,24.79,8.99,0.28,1.09,270.13,ABOVE 100
GL,GLOBE LIFE INC,Financials,6,49.58,14.2,1.72,,,30.42,UNDERPERFORM
GS,GOLDMAN SACHS GROUP INC,Financials,6,139.08,10.26,1,,,466.27,ABOVE 100
HAL,HALLIBURTON CO,,,-55.34,21.8,1.88,2.88,3.76,99.04,UNDERPERFORM
HBI,HANESBRANDS INC,,,-27.44,17.77,9.03,0.66,1.94,204.04,UNDERPERFORM
HIG,HARTFORD FINANCIAL SVCS GRP,Financials,6,60.26,11.56,0.99,,,30.38,UNDERPERFORM
HAS,HASBRO INC,,,23.57,19.23,5.07,2.06,2.69,100.45,UNDERPERFORM
HCA,HCA HEALTHCARE INC,Health Care,6,229.91,12.13,,1.2,1.67,,ABOVE 200
PEAK,HEALTHPEAK PROPERTIES INC,Real Estate,11,5.42,73.58,1.91,,,113.57,UNDERPERFORM
HSIC,HENRY SCHEIN INC,Health Care,6,20.6,26.37,4.49,0.61,1.5,23.61,UNDERPERFORM
HSY,HERSHEY CO/THE,Consumer Staples,6,60.91,21.93,19.39,0.43,0.83,231.08,UNDERPERFORM
HES,HESS CORP,,,33.41,,0.72,1.35,1.68,32.31,UNDERPERFORM
HPE,HEWLETT PACKARD ENTERPRISE,,,15.93,8.09,0.76,0.9,1.36,46.57,UNDERPERFORM
HLT,HILTON WORLDWIDE HOLDINGS IN,,,162.69,20.79,3.53,0.66,1.06,175.65,ABOVE 100
HOLX,HOLOGIC INC,,,98.01,55.84,5.43,0.96,1.34,173.73,UNDERPERFORM
HD,HOME DEPOT INC,Consumer Discretionary,,142.79,23.03,24.93,0.33,1.36,337.48,ABOVE 100
HON,HONEYWELL INTERNATIONAL INC,Industrials,6,107.99,15.96,4.36,0.75,1.09,64.51,ABOVE 100
HRL,HORMEL FOODS CORP,Consumer Staples,6,25.54,26.02,4.52,0.78,1.7,10.87,UNDERPERFORM
HST,HOST HOTELS & RESORTS INC,,,-12.77,25.1,1.63,,,53.36,UNDERPERFORM
HWM,HOWMET AEROSPACE INC,,,,,,0.45,1.53,62.47,UNDERPERFORM
HPQ,HP INC,Information Technology,6,105.44,14.58,1.75,0.29,1.23,31.51,ABOVE 100
HUM,HUMANA INC,Health Care,6,145.19,25.06,2.56,1.35,1.93,42.47,ABOVE 100
JBHT,HUNT (JB) TRANSPRT SVCS INC,Industrials,6,106.2,20.08,6.43,1.18,1.61,76.75,ABOVE 100
HBAN,HUNTINGTON BANCSHARES INC,Financials,6,52.51,12.95,1.42,,,116.1,UNDERPERFORM
HII,HUNTINGTON INGALLS INDUSTRIE,Industrials,6,15.98,14.53,3.99,1.54,1.79,85.44,UNDERPERFORM
IEX,IDEX CORP,Industrials,6,151.14,21.42,4.06,1.9,2.79,58.26,ABOVE 100
IDXX,IDEXX LABORATORIES INC,Health Care,6,546.86,34.56,,0.62,0.96,,ABOVE 400
INFO,IHS MARKIT LTD,Industrials,6,240.05,29.8,2.57,0.6,0.79,39.01,ABOVE 200
ITW,ILLINOIS TOOL WORKS,Industrials,6,96.82,18.18,6.45,2.24,2.84,141.97,UNDERPERFORM
ILMN,ILLUMINA INC,Health Care,6,204.6,58.76,15.22,2.9,3.43,57.98,ABOVE 200
INCY,INCYTE CORP,,,-14.18,2362.85,118.27,4.89,5.01,362.18,UNDERPERFORM
IR,INGERSOLL-RAND INC,,,,,,1.46,2.68,689.18,UNDERPERFORM
INTC,INTEL CORP,Information Technology,6,55.87,14.97,2.71,1.92,2.58,37.11,UNDERPERFORM
ICE,INTERCONTINENTAL EXCHANGE IN,Financials,6,114.72,21.23,2.06,0.02,0.97,49.13,ABOVE 100
IP,INTERNATIONAL PAPER CO,Materials,9,25.97,12.53,4,0.95,1.65,237.15,UNDERPERFORM
IPG,INTERPUBLIC GROUP OF COS INC,,,56.1,19.35,4.78,0.77,1.01,77.43,UNDERPERFORM
IBM,INTL BUSINESS MACHINES CORP,Information Technology,6,-11.63,9.08,9.32,1.04,1.24,221.46,UNDERPERFORM
IFF,INTL FLAVORS & FRAGRANCES,,,8.86,22.26,6.02,0.99,1.98,66.94,UNDERPERFORM
INTU,INTUIT INC,Information Technology,6,387.77,58.51,12.6,1.03,1.47,21.44,ABOVE 300
ISRG,INTUITIVE SURGICAL INC,Health Care,6,328.59,34.98,4.73,3.97,4.46,0,ABOVE 300
IVZ,INVESCO LTD,Financials,6,-16.94,14.37,1.77,,,84.73,UNDERPERFORM
IPGP,IPG PHOTONICS CORP,Information Technology,6,114.67,19.42,3.74,5.92,7.78,1.56,ABOVE 100
IQV,IQVIA HOLDINGS INC,Health Care,6,222.9,16.98,,1.34,1.51,,ABOVE 200
IRM,IRON MOUNTAIN INC,Real Estate,11,14.18,36.22,11.22,0.82,1.02,916.69,UNDERPERFORM
JKHY,JACK HENRY & ASSOCIATES INC,Information Technology,6,96.52,24.98,5.28,0.89,1.11,5.31,UNDERPERFORM
J,JACOBS ENGINEERING GROUP INC,Industrials,6,142.78,10.9,1.07,0.85,1.58,13.72,ABOVE 100
SJM,JM SMUCKER CO/THE,Consumer Staples,6,-17.52,21.13,2.11,0.46,1.3,77.48,UNDERPERFORM
JNJ,JOHNSON & JOHNSON,Health Care,6,39.96,19.28,3.98,1.77,2.17,27.91,UNDERPERFORM
JCI,JOHNSON CONTROLS INTERNATION,,,70.66,15.52,2.16,0.61,1,61.72,UNDERPERFORM
JPM,JPMORGAN CHASE & CO,Financials,6,134.26,11.01,1.09,,,223.01,ABOVE 100
JNPR,JUNIPER NETWORKS INC,,,26.61,17.69,2.32,1.51,1.62,42.35,UNDERPERFORM
KSU,KANSAS CITY SOUTHERN,Industrials,6,171.99,16.59,2.07,0.41,0.71,56.83,ABOVE 100
K,KELLOGG CO,Consumer Staples,6,-24.75,20.5,11.89,0.25,0.56,362.25,UNDERPERFORM
KEY,KEYCORP,Financials,6,67.35,12.27,1.03,,,103.07,UNDERPERFORM
KEYS,KEYSIGHT TECHNOLOGIES IN,Information Technology,6,486.42,15.58,4.32,1.28,2.3,84.41,ABOVE 400
KMB,KIMBERLY-CLARK CORP,Consumer Staples,6,2.74,22.09,,0.46,0.85,7475.96,UNDERPERFORM
KIM,KIMCO REALTY CORP,Real Estate,11,-34.21,14.58,2.58,,,102.04,UNDERPERFORM
KMI,KINDER MORGAN INC,Energy,6,-14.81,16.47,0.95,0.38,0.69,117.37,UNDERPERFORM
KLAC,KLA CORP,Information Technology,6,360.68,15.8,16.58,3.1,3.86,443.75,ABOVE 300
KHC,KRAFT HEINZ CO/THE,Consumer Staples,6,-56.82,35.6,1.53,0.82,1.41,38.09,UNDERPERFORM
KR,KROGER CO,,,28.79,18.56,5.5,0.16,0.76,177.68,UNDERPERFORM
LHX,L3HARRIS TECHNOLOGIES INC,Industrials,6,159.95,12.78,2.83,0.57,1.4,153.32,ABOVE 100
LH,LABORATORY CRP OF AMER HLDGS,Health Care,6,114.21,16.92,2.53,1.14,1.54,128.31,ABOVE 100
LRCX,LAM RESEARCH CORP,Information Technology,6,606.82,15.79,2.24,3.35,3.81,76.91,ABOVE 400
LW,LAMB WESTON HOLDINGS INC,Consumer Staples,6,,,,0.54,1.9,9.88,UNDERPERFORM
LVS,LAS VEGAS SANDS CORP,,,-22.57,17.26,5.11,1.4,1.46,111,UNDERPERFORM
LEG,LEGGETT & PLATT INC,Consumer Discretionary,,-8.87,17.57,5.25,1.1,1.87,86.08,UNDERPERFORM
LDOS,LEIDOS HOLDINGS INC,Industrials,6,99.28,19.45,3.79,1.52,1.72,101.22,UNDERPERFORM
LEN,LENNAR CORP-A,Consumer Discretionary,,130.58,14.37,1.91,3.1,18.18,111.85,ABOVE 100
LNC,LINCOLN NATIONAL CORP,Financials,6,42,9.2,0.9,,,40.78,UNDERPERFORM
LIN,LINDE PLC,,,161.95,,,,,,ABOVE 100
LYV,LIVE NATION ENTERTAINMENT IN,,,198.95,,4.02,0.84,1.09,119.55,ABOVE 100
LKQ,LKQ CORP,Consumer Discretionary,,46.84,20.83,2.91,0.9,3.11,50.88,UNDERPERFORM
LMT,LOCKHEED MARTIN CORP,Industrials,6,40.31,20.97,21.25,0.6,1.05,492.77,UNDERPERFORM
L,LOEWS CORP,Financials,6,31.25,21.38,0.74,,,46.3,UNDERPERFORM
LOW,LOWE'S COS INC,Consumer Discretionary,,134.62,21.52,8.52,0.07,1.01,165.26,ABOVE 100
LUMN,LUMEN TECHNOLOGIES INC,Communication Services,,-61.59,15.05,0.97,0.45,0.58,143.85,UNDERPERFORM
LYB,LYONDELLBASELL INDU-CL A,Materials,9,30.48,9.05,5.84,1,2.25,122.12,UNDERPERFORM
MTB,M & T BANK CORP,Financials,6,16.72,15.9,1.29,,,79.06,UNDERPERFORM
MRO,MARATHON OIL CORP,,,-17.6,,0.46,1.23,1.5,39.22,UNDERPERFORM
MPC,MARATHON PETROLEUM CORP,,,33.84,10.2,2.08,0.64,1.49,60.61,UNDERPERFORM
MKTX,MARKETAXESS HOLDINGS INC,Financials,6,203.02,43.76,10.68,6.72,6.72,0,ABOVE 200
MAR,MARRIOTT INTERNATIONAL -CL A,,,91.07,21.93,,0.37,0.43,,UNDERPERFORM
MMC,MARSH & MCLENNAN COS,Financials,6,124.57,18.2,4.44,1.31,1.36,66.86,ABOVE 100
MLM,MARTIN MARIETTA MATERIALS,Materials,9,84.51,28.65,2.17,1.58,2.95,39.26,UNDERPERFORM
MAS,MASCO CORP,Industrials,6,65.24,26.69,,1.07,1.38,5874.14,UNDERPERFORM
MA,MASTERCARD INC - A,Information Technology,6,283.7,28.36,18.02,1.24,1.75,53.91,ABOVE 200
MXIM,MAXIM INTEGRATED PRODUCTS,Information Technology,6,147.49,30.14,4.73,4.08,4.61,58.82,ABOVE 100
MKC,MCCORMICK & CO-NON VTG SHRS,Consumer Staples,6,65.32,24.73,6.55,0.46,1.1,82.66,UNDERPERFORM
MCD,MCDONALD'S CORP,Consumer Discretionary,,98.5,23.81,15.11,3.05,3.27,340.33,UNDERPERFORM
MCK,MCKESSON CORP,,,5.6,15.5,3.96,0.52,1.1,77.91,UNDERPERFORM
MDT,MEDTRONIC PLC,Health Care,6,47.97,23.84,2.13,2.54,3.29,59.74,UNDERPERFORM
MRK,MERCK & CO. INC.,Health Care,6,36.86,14.72,3.29,1.04,1.55,59,UNDERPERFORM
MET,METLIFE INC,Financials,6,62.14,24.82,0.8,,,37.16,UNDERPERFORM
MTD,METTLER-TOLEDO INTERNATIONAL,Health Care,6,282.51,26.28,15.83,0.91,1.42,101.58,ABOVE 200
MGM,MGM RESORTS INTERNATIONAL,,,54.9,11.08,2.51,0.96,1.08,163.39,UNDERPERFORM
MCHP,MICROCHIP TECHNOLOGY INC,Information Technology,6,164.59,34,4.57,7.15,8.11,114.06,ABOVE 100
MU,MICRON TECHNOLOGY INC,,,484.32,6.69,1.46,1.46,2.2,55.25,ABOVE 400
MSFT,MICROSOFT CORP,Information Technology,6,399.23,19.75,4.81,2.52,2.68,69.46,ABOVE 300
MAA,MID-AMERICA APARTMENT COMM,Real Estate,11,85.15,47.24,2.29,,,108.26,UNDERPERFORM
MRNA,MODERNA INC,,,,,,,,,UNDERPERFORM
MHK,MOHAWK INDUSTRIES INC,Consumer Discretionary,,-5.32,18.39,2.88,0.38,1,66.28,UNDERPERFORM
TAP,MOLSON COORS BEVERAGE CO - B,Consumer Staples,6,-51.93,24.98,2.59,0.69,1.03,41.59,UNDERPERFORM
MDLZ,MONDELEZ INTERNATIONAL INC-A,Consumer Staples,6,45.22,26.66,2.53,0.41,0.82,54.8,UNDERPERFORM
MPWR,MONOLITHIC POWER SYSTEMS INC,Information Technology,6,545.31,77.48,6.86,6.14,7.67,0,ABOVE 400
MNST,MONSTER BEVERAGE CORP,Consumer Staples,6,74.05,49.68,18.85,7.98,8.77,0,UNDERPERFORM
MCO,MOODY'S CORP,,,268.36,21.84,,2.49,2.66,,ABOVE 200
MS,MORGAN STANLEY,Financials,6,240.49,12.17,0.9,,,420.61,ABOVE 200
MOS,MOSAIC CO/THE,,,15.77,8.91,1.02,0.95,2.02,40.11,UNDERPERFORM
MSI,MOTOROLA SOLUTIONS INC,Information Technology,6,217.16,23.02,,1.72,2.11,,ABOVE 200
MSCI,MSCI INC,,,631.11,34.75,8.08,1.98,2.13,175.2,ABOVE 400
NDAQ,NASDAQ INC,,,165.1,18.36,1.7,0.28,1.12,42.15,ABOVE 100
NTAP,NETAPP INC,,,207.64,19.23,2.31,1.67,1.76,81.19,ABOVE 200
NFLX,NETFLIX INC,,,453.67,408.5,22.01,0.65,1.54,106.65,ABOVE 400
NWL,NEWELL BRANDS INC,,,-53.4,20.4,6.46,0.77,1.25,167.43,UNDERPERFORM
NEM,NEWMONT CORP,Materials,9,37.74,154.59,0.84,1.74,3.52,41.02,UNDERPERFORM
NWSA,NEWS CORP - CLASS A,,,90.97,11.27,0.71,1.53,1.9,0,UNDERPERFORM
NWS,NEWS CORP - CLASS B,,,77.35,11.27,0.71,1.53,1.9,0,UNDERPERFORM
NEE,NEXTERA ENERGY INC,Utilities,11,150.67,18.35,2.12,0.23,0.67,128.45,ABOVE 100
NLSN,NIELSEN HOLDINGS PLC,Industrials,6,-56.38,26.03,3.81,0.94,1.13,158.59,UNDERPERFORM
NKE,NIKE INC -CL B,Consumer Discretionary,,213.76,25.56,7.58,1.62,2.8,16.63,ABOVE 200
NI,NISOURCE INC,Utilities,11,-0.47,22.8,1.62,0.27,0.59,180.81,UNDERPERFORM
NSC,NORFOLK SOUTHERN CORP,Industrials,6,189.46,17.2,2.07,0.92,1.13,82.81,ABOVE 100
NTRS,NORTHERN TRUST CORP,,,66.5,18.17,1.99,,,93.03,UNDERPERFORM
NOC,NORTHROP GRUMMAN CORP,Industrials,6,63.62,16.77,6.2,0.95,1.16,115.65,UNDERPERFORM
NLOK,NORTONLIFELOCK INC,,,15.17,27.11,3.07,1.62,1.73,60.04,UNDERPERFORM
NCLH,NORWEGIAN CRUISE LINE HOLDIN,,,-45.75,25.82,3.53,0.07,0.14,169.21,UNDERPERFORM
NOV,NOV INC,,,-60.32,12.01,0.77,1.26,2.89,23.75,UNDERPERFORM
NRG,NRG ENERGY INC,,,202.46,,1.39,0.61,1.69,337.62,ABOVE 200
NUE,NUCOR CORP,Materials,9,96.81,45.42,1.71,2.47,4.23,55.9,UNDERPERFORM
NVDA,NVIDIA CORP,Information Technology,6,1317.02,21.56,3.53,2.36,2.57,33.88,ABOVE 400
NVR,NVR INC,Consumer Discretionary,,210.58,18.17,5.16,0.77,3.17,48.08,ABOVE 200
NXPI,NXP SEMICONDUCTORS NV,,,152.14,28.96,2.5,1.08,1.89,78.05,ABOVE 100
OXY,OCCIDENTAL PETROLEUM CORP,,,-65.4,474.88,2.12,0.9,1.37,34.22,UNDERPERFORM
ODFL,OLD DOMINION FREIGHT LINE,Industrials,6,485.11,16.55,2.96,1.13,1.34,7.94,ABOVE 400
OMC,OMNICOM GROUP,Communication Services,,-12.28,17.16,7.4,0.69,0.84,151.4,UNDERPERFORM
OKE,ONEOK INC,Energy,6,14.93,12.4,15.4,0.42,0.6,238.44,UNDERPERFORM
ORCL,ORACLE CORP,Information Technology,6,120.17,18.65,3.51,3.57,3.74,91.77,ABOVE 100
ORLY,O'REILLY AUTOMOTIVE INC,Consumer Discretionary,,109.84,27.27,12.63,0.09,0.99,70.87,ABOVE 100
OGN,ORGANON & CO,,,,,,,,,UNDERPERFORM
OTIS,OTIS WORLDWIDE CORP,,,,,,,,,UNDERPERFORM
PCAR,PACCAR INC,,,41.41,10.51,2.4,0.74,0.94,123.79,UNDERPERFORM
PKG,PACKAGING CORP OF AMERICA,Materials,9,86.84,13.64,3.71,1.46,2.77,142.03,UNDERPERFORM
PH,PARKER HANNIFIN CORP,Industrials,6,155,15.99,3.16,1.66,2.32,57.7,ABOVE 100
PAYX,PAYCHEX INC,Information Technology,6,94.85,25.94,10.22,0.17,1.11,0,UNDERPERFORM
PAYC,PAYCOM SOFTWARE INC,Information Technology,6,763.44,101.5,21.86,0.07,1.05,26.18,ABOVE 400
PYPL,PAYPAL HOLDINGS INC,Information Technology,6,638.61,34.72,3.22,0.26,1.52,0,ABOVE 400
PENN,PENN NATIONAL GAMING INC,Consumer Discretionary,,361.92,25.87,,0.51,0.67,,ABOVE 300
PNR,PENTAIR PLC,Industrials,6,83.32,21.52,2.23,0.61,1.87,116.89,UNDERPERFORM
PBCT,PEOPLE'S UNITED FINANCIAL,Financials,6,3.71,18.62,1.03,,,112.87,UNDERPERFORM
PEP,PEPSICO INC,Consumer Staples,6,42.09,21.73,12.25,1,1.31,276.67,UNDERPERFORM
PKI,PERKINELMER INC,Health Care,6,235.34,28.58,2.84,1.16,1.84,47.99,ABOVE 200
PRGO,PERRIGO CO PLC,,,-48.21,79.83,2.05,0.63,1.09,59.68,UNDERPERFORM
PFE,PFIZER INC,Health Care,6,35.62,19.36,3.08,1.07,1.49,59.85,UNDERPERFORM
PM,PHILIP MORRIS INTERNATIONAL,Consumer Staples,6,0.49,19.74,,0.4,1.03,,UNDERPERFORM
PSX,PHILLIPS 66,,,-7.61,10.71,1.87,1.1,1.63,37.13,UNDERPERFORM
PNW,PINNACLE WEST CAPITAL,Utilities,11,0.05,16.45,1.56,0.28,0.62,80.94,UNDERPERFORM
PXD,PIONEER NATURAL RESOURCES CO,,,-7.92,,2.24,1.55,2.18,43.64,UNDERPERFORM
PNC,PNC FINANCIAL SERVICES GROUP,Financials,6,120.58,12.9,1.17,,,118.6,ABOVE 100
POOL,POOL CORP,Consumer Discretionary,,381.86,27.82,13.49,0.22,2.17,126.95,ABOVE 300
PPG,PPG INDUSTRIES INC,Materials,9,57.36,18.44,5.29,0.81,1.43,84.97,UNDERPERFORM
PPL,PPL CORP,,,-23.08,15.51,2.32,0.51,0.68,201.27,UNDERPERFORM
PFG,PRINCIPAL FINANCIAL GROUP,Financials,6,34.76,12.46,1.41,,,36.42,UNDERPERFORM
PG,PROCTER & GAMBLE CO/THE,Consumer Staples,6,65.52,22.5,4.08,0.58,1.1,52.77,UNDERPERFORM
PGR,PROGRESSIVE CORP,Financials,6,184.54,15.69,2.55,,,34.92,ABOVE 100
PLD,PROLOGIS INC,Real Estate,11,138.7,117.62,1.54,,,63.12,ABOVE 100
PRU,PRUDENTIAL FINANCIAL INC,Financials,6,37.15,6.55,0.87,,,68.44,UNDERPERFORM
PTC,PTC INC,,,241.06,21.25,4.2,0.76,1.14,77.67,ABOVE 200
PEG,PUBLIC SERVICE ENTERPRISE GP,Utilities,11,41.83,12.71,1.5,0.46,0.98,76.01,UNDERPERFORM
PSA,PUBLIC STORAGE,Real Estate,11,32.95,41.54,8.37,,,3.47,UNDERPERFORM
PHM,PULTEGROUP INC,Consumer Discretionary,,153.28,13.12,1.31,0.36,3.02,49.22,ABOVE 100
PVH,PVH CORP,Consumer Discretionary,,9.65,10.31,1.31,0.79,1.84,70.17,UNDERPERFORM
QRVO,QORVO INC,,,263,724.15,1.29,2.49,4.04,19.76,ABOVE 200
QCOM,QUALCOMM INC,Information Technology,6,143.06,13.85,2.58,3.16,3.62,34.92,ABOVE 100
PWR,QUANTA SERVICES INC,Industrials,6,279.7,24.72,1,1.45,1.89,15.62,ABOVE 200
DGX,QUEST DIAGNOSTICS INC,Health Care,6,70.99,15.1,2.17,0.88,1.28,77.47,UNDERPERFORM
RL,RALPH LAUREN CORP,,,30.67,16.48,2.15,1.34,2.55,19.04,UNDERPERFORM
RJF,RAYMOND JAMES FINANCIAL INC,Financials,6,136.28,14.47,1.57,,,50.7,ABOVE 100
RTX,RAYTHEON TECHNOLOGIES CORP,Industrials,6,36.8,15.2,2.94,0.78,1.18,70.51,UNDERPERFORM
O,REALTY INCOME CORP,Real Estate,11,0.88,49.68,2.11,,,73.57,UNDERPERFORM
REG,REGENCY CENTERS CORP,,,-24.09,63.58,3.81,,,89.52,UNDERPERFORM
REGN,REGENERON PHARMACEUTICALS,Health Care,6,34.04,96.49,15.54,3.1,3.59,9.93,UNDERPERFORM
RF,REGIONS FINANCIAL CORP,Financials,6,113.27,12.58,0.79,,,49.63,ABOVE 100
RSG,REPUBLIC SERVICES INC,Industrials,6,134.34,21.52,1.96,0.54,0.67,96.87,ABOVE 100
RMD,RESMED INC,,,295.35,22.6,4.99,4.05,5.28,18.94,ABOVE 200
RHI,ROBERT HALF INTL INC,Industrials,6,165.15,17.52,6.16,1.42,1.83,0.12,ABOVE 100
ROK,ROCKWELL AUTOMATION INC,Industrials,6,171.12,16.26,5.95,2.4,2.93,66.51,ABOVE 100
ROL,ROLLINS INC,Industrials,6,217.82,37.52,10.8,0.9,1.07,0,ABOVE 200
ROP,ROPER TECHNOLOGIES INC,Industrials,6,189.03,28.04,3.61,1.76,2.25,61.73,ABOVE 100
ROST,ROSS STORES INC,Consumer Discretionary,,93.04,22.41,9.16,0.52,1.48,16.02,UNDERPERFORM
RCL,ROYAL CARIBBEAN CRUISES LTD,,,-0.89,20.96,2.74,0.08,0.19,107.49,UNDERPERFORM
SPGI,S&P GLOBAL INC,Financials,6,267.41,21.67,135.17,0.85,1.13,310.49,ABOVE 200
CRM,SALESFORCE.COM INC,Information Technology,6,203.09,,9.13,0.93,1.02,25.71,ABOVE 200
SBAC,SBA COMMUNICATIONS CORP,,,207.31,,,0.74,1.08,,ABOVE 200
SLB,SCHLUMBERGER LTD,Energy,6,-65.63,20.7,2.46,1.54,1.91,52.91,UNDERPERFORM
SCHW,SCHWAB (CHARLES) CORP,Financials,6,137.52,32.66,3.65,,,40.78,ABOVE 100
STX,SEAGATE TECHNOLOGY HOLDINGS,,,185.73,18.49,4.4,1.09,1.57,256.81,ABOVE 100
SEE,SEALED AIR CORP,,,24.39,17.86,16.59,0.61,1.23,865.41,UNDERPERFORM
SRE,SEMPRA ENERGY,Utilities,11,18.65,18.27,1.98,0.41,0.63,119.64,UNDERPERFORM
NOW,SERVICENOW INC,,,691.93,,24.55,1.37,1.48,83.72,ABOVE 400
SHW,SHERWIN-WILLIAMS CO/THE,Materials,9,196.2,23.29,27.59,0.62,1.24,224.67,ABOVE 100
SPG,SIMON PROPERTY GROUP INC,Real Estate,11,-41.4,35.6,13.58,,,427.64,UNDERPERFORM
SWKS,SKYWORKS SOLUTIONS INC,Information Technology,6,186.66,17.41,5.06,3.41,4.13,0,ABOVE 100
AOS,SMITH (A.O.) CORP,Industrials,6,53.16,24.5,5.06,1.76,2.15,17.26,UNDERPERFORM
SNA,SNAP-ON INC,Industrials,6,44.34,21.11,4.13,1.65,2.67,37.12,UNDERPERFORM
SO,SOUTHERN CO/THE,Utilities,11,20.45,16.22,2.07,0.36,0.71,129.78,UNDERPERFORM
LUV,SOUTHWEST AIRLINES CO,Industrials,6,34.27,12.2,3.79,0.48,0.54,43.63,UNDERPERFORM
SWK,STANLEY BLACK & DECKER INC,Industrials,6,59.19,17.43,2.83,0.63,1.31,64.85,UNDERPERFORM
SBUX,STARBUCKS CORP,Consumer Discretionary,,113.37,34.07,14.8,0.64,1.09,40.34,ABOVE 100
STT,STATE STREET CORP,Financials,6,31.62,12.68,1.45,,,83.98,UNDERPERFORM
STE,STERIS PLC,Health Care,6,206.44,25.83,2.02,1.8,2.43,51.59,ABOVE 200
SYK,STRYKER CORP,Health Care,6,128.63,19.64,4.07,1.64,2.27,46.97,ABOVE 100
SIVB,SVB FINANCIAL GROUP,Financials,6,455.37,17.96,1.92,,,47.15,ABOVE 400
SYF,SYNCHRONY FINANCIAL,Financials,6,68.95,11.48,2.01,,,193.15,UNDERPERFORM
SNPS,SYNOPSYS INC,Information Technology,6,433.08,31.89,2.47,0.86,0.93,6.54,ABOVE 400
SYY,SYSCO CORP,Consumer Staples,6,39.32,22.49,4.34,0.9,1.22,138.11,UNDERPERFORM
TROW,T ROWE PRICE GROUP INC,Financials,6,203.88,15.92,3.76,,,0,ABOVE 200
TTWO,TAKE-TWO INTERACTIVE SOFTWRE,Communication Services,,291.3,48.97,5.61,1.18,1.68,85.65,ABOVE 200
TPR,TAPESTRY INC,,,3.24,18.87,4.01,2.09,3,35.76,UNDERPERFORM
TGT,TARGET CORP,,,251.4,15.42,3.37,0.32,1.12,98.48,ABOVE 200
TEL,TE CONNECTIVITY LTD,Information Technology,6,156.22,16.26,2.4,1.52,2.21,40.52,ABOVE 100
TDY,TELEDYNE TECHNOLOGIES INC,Industrials,6,330.45,16.92,2.28,1.16,2.1,58.08,ABOVE 300
TFX,TELEFLEX INC,Health Care,6,107.6,27.43,2.72,0.9,1.51,52.67,ABOVE 100
TER,TERADYNE INC,,,550.23,20.36,2.14,2.56,3.38,0,ABOVE 400
TSLA,TESLA INC,,,1441.39,,27.89,0.49,0.99,234.22,ABOVE 400
TXN,TEXAS INSTRUMENTS INC,Information Technology,6,176.37,18.1,5.57,1.72,2.77,41.42,ABOVE 100
TXT,TEXTRON INC,Industrials,6,81.75,16.8,2.32,0.54,1.72,72.72,UNDERPERFORM
TMO,THERMO FISHER SCIENTIFIC INC,,,244.51,27.13,2.66,0.72,1.38,58.42,ABOVE 200
TJX,TJX COMPANIES INC,,,65.46,21.37,10.97,0.61,1.54,39.47,UNDERPERFORM
TMUS,T-MOBILE US INC,Communication Services,,201.04,39.58,1.93,0.98,1.56,174.55,ABOVE 200
TSCO,TRACTOR SUPPLY COMPANY,Consumer Discretionary,,114.74,28.56,8.25,0.1,2.14,12.05,ABOVE 100
TT,TRANE TECHNOLOGIES PLC,Industrials,6,280.83,14.85,2.48,0.79,1.26,71.74,ABOVE 200
TDG,TRANSDIGM GROUP INC,Industrials,6,121.79,25.02,,1.76,2.78,,ABOVE 100
TRV,TRAVELERS COS INC/THE,Financials,6,26.84,10.37,1.42,,,26.88,UNDERPERFORM
TRMB,TRIMBLE INC,Information Technology,6,219.57,39.14,2.45,0.72,1.21,32.86,ABOVE 200
TFC,TRUIST FINANCIAL CORP,Financials,6,47.66,13.77,1.2,,,100.08,UNDERPERFORM
TWTR,TWITTER INC,,,278.93,,3.68,8.17,8.66,36.7,ABOVE 200
TYL,TYLER TECHNOLOGIES INC,Information Technology,6,203.92,91.76,7.46,0.66,0.79,7.68,ABOVE 200
TSN,TYSON FOODS INC-CL A,Consumer Staples,6,-4.35,13.8,1.69,0.65,1.52,69.29,UNDERPERFORM
UDR,UDR INC,Real Estate,11,48.79,111.3,3.45,,,92.82,UNDERPERFORM
ULTA,ULTA BEAUTY INC,Consumer Discretionary,,31.41,36.11,7.98,1.36,3.47,0,UNDERPERFORM
UAA,UNDER ARMOUR INC-CLASS A,,,-38.87,150.23,10.44,1.18,3.13,39.93,UNDERPERFORM
UA,UNDER ARMOUR INC-CLASS C,,,-41.63,150.23,10.44,1.18,3.13,39.93,UNDERPERFORM
UNP,UNION PACIFIC CORP,Industrials,6,134.83,14.53,3.21,0.86,1.29,68.6,ABOVE 100
UAL,UNITED AIRLINES HOLDINGS INC,,,-1.35,4.9,2.33,0.51,0.63,131.15,UNDERPERFORM
UPS,UNITED PARCEL SERVICE-CL B,Industrials,6,76.92,17.66,34.52,1.11,1.23,575.43,UNDERPERFORM
URI,UNITED RENTALS INC,Industrials,6,320.73,10,4.51,0.9,1.05,552.98,ABOVE 300
UNH,UNITEDHEALTH GROUP INC,Health Care,6,195.38,19.89,3.31,0.45,0.74,90.14,ABOVE 100
UHS,UNIVERSAL HEALTH SERVICES-B,Health Care,6,20.97,17.74,2.76,1.24,1.56,75.93,UNDERPERFORM
UNM,UNUM GROUP,Financials,6,-24.61,9.23,0.93,,,32.33,UNDERPERFORM
USB,US BANCORP,Financials,6,31,13.5,1.84,,,128.06,UNDERPERFORM
VLO,VALERO ENERGY CORP,,,20.35,8.86,1.63,1.08,2.13,34.35,UNDERPERFORM
VTR,VENTAS INC,,,-20.41,37.09,1.97,,,114.1,UNDERPERFORM
VRSN,VERISIGN INC,Information Technology,6,154.32,30.4,,1.28,1.31,,ABOVE 100
VRSK,VERISK ANALYTICS INC,Industrials,6,131.09,29.3,9.49,0.24,0.41,229.28,ABOVE 100
VZ,VERIZON COMMUNICATIONS INC,Communication Services,,2.67,11.63,11.46,0.52,0.64,615,UNDERPERFORM
VRTX,VERTEX PHARMACEUTICALS INC,,,99.03,,32.97,2.4,2.78,69.03,UNDERPERFORM
VFC,VF CORP,,,38.33,18.12,4.47,1.33,2.4,46.93,UNDERPERFORM
VIAC,VIACOMCBS INC - CLASS B,Communication Services,,-25.16,13.02,3.92,1.04,1.61,153.35,UNDERPERFORM
VTRS,VIATRIS INC,,,-71.66,18.94,2.72,0.95,1.57,75.51,UNDERPERFORM
V,VISA INC-CLASS A SHARES,Information Technology,6,197.77,25.34,5.68,1.28,2.03,0,ABOVE 100
VNO,VORNADO REALTY TRUST,,,-50.91,61.6,3.48,,,127.41,UNDERPERFORM
VMC,VULCAN MATERIALS CO,Materials,9,52.64,54.72,2.84,1.93,3.07,44.46,UNDERPERFORM
WAB,WABTEC CORP,,,19.92,16.58,3.84,1.08,2.32,40.69,UNDERPERFORM
WBA,WALGREENS BOOTS ALLIANCE INC,Consumer Staples,6,-41.72,18.7,3.06,0.59,1.19,45.95,UNDERPERFORM
WMT,WALMART INC,Consumer Staples,6,94.87,14.46,2.61,0.22,0.93,55.48,UNDERPERFORM
DIS,WALT DISNEY CO/THE,,,81.36,19.94,3.7,0.73,1.03,36.09,UNDERPERFORM
WM,WASTE MANAGEMENT INC,Industrials,6,126.3,20,4.47,0.63,0.93,166.37,ABOVE 100
WAT,WATERS CORP,Health Care,6,150.4,23.22,5.33,5.08,5.7,81.03,ABOVE 100
WEC,WEC ENERGY GROUP INC,Utilities,11,50.09,19.8,1.87,0.4,0.81,119.48,UNDERPERFORM
WFC,WELLS FARGO & CO,Financials,6,-3.53,13.22,1.62,,,153.21,UNDERPERFORM
WELL,WELLTOWER INC,Real Estate,11,9.51,46.09,1.91,,,84.43,UNDERPERFORM
WST,WEST PHARMACEUTICAL SERVICES,,,425.33,42.59,4.25,1.45,2.14,29.12,ABOVE 400
WDC,WESTERN DIGITAL CORP,,,46.59,11.72,2.02,2.11,2.63,27.73,UNDERPERFORM
WU,WESTERN UNION CO,,,6.96,10.74,6.4,0.32,1.12,228.91,UNDERPERFORM
WRK,WESTROCK CO,,,11.48,12.01,1.13,0.82,1.92,47.65,UNDERPERFORM
WY,WEYERHAEUSER CO,,,4.26,40.58,3.64,0.97,2.75,108.89,UNDERPERFORM
WHR,WHIRLPOOL CORP,,,16.65,12.69,2.42,0.43,0.95,70.46,UNDERPERFORM
WMB,WILLIAMS COS INC,,,-0.36,13.72,3.13,0.46,0.61,150.92,UNDERPERFORM
WLTW,WILLIS TOWERS WATSON PLC,Financials,6,70.19,15.6,3.96,0.14,0.98,135.35,UNDERPERFORM
WRB,WR BERKLEY CORP,Financials,6,85.34,16.06,1.47,,,47.96,UNDERPERFORM
GWW,WW GRAINGER INC,Industrials,6,101.2,16.94,5.54,0.84,1.7,84.53,ABOVE 100
WYNN,WYNN RESORTS LTD,,,-7.29,17.92,,2,2.26,42246.58,UNDERPERFORM
XEL,XCEL ENERGY INC,Utilities,11,59.2,17.08,1.72,0.36,0.68,132.06,UNDERPERFORM
XLNX,XILINX INC,Information Technology,6,181.22,23.24,4.66,3.86,4.15,60.97,ABOVE 100
XYL,XYLEM INC,Industrials,6,169.95,19.75,3.12,1.74,2.44,61.13,ABOVE 100
YUM,YUM! BRANDS INC,Consumer Discretionary,,110.01,31.79,34.12,0.21,0.55,402.87,ABOVE 100
ZBRA,ZEBRA TECHNOLOGIES CORP-CL A,,,889.4,2263.64,4.07,0.96,1.49,337.29,ABOVE 400
ZBH,ZIMMER BIOMET HOLDINGS INC,Health Care,6,13.23,23.42,2.1,1.9,3.62,116.26,UNDERPERFORM
ZION,ZIONS BANCORP NA,Financials,6,88.35,21.67,0.84,,,16.51,UNDERPERFORM
ZTS,ZOETIS INC,,,298.35,27.26,22.32,1.17,2.15,446.2,ABOVE 200
